id,idade,salario,nome_felipe,cargo_analista,nome_lucas,nome_nicole,cidade_rio,cargo_desenvolvedor,cargo_gerente,nome_marcelo,cidade_sao_paulo,cidade_recife,nome_mariana,nome_didier
-1.463850,-0.526201,-0.671380,0,1,0,1,0,0,0,0,0,1,0,0
-0.878310,0.908893,0.952926,0,0,0,0,0,0,1,0,0,1,0,1
-0.292770,-1.387258,-1.191157,0,0,0,0,0,1,0,1,1,0,0,0
0.292770,0.334855,0.498120,0,1,1,0,1,0,0,0,0,0,0,0
0.878310,1.482931,1.407731,0,0,0,0,0,0,1,0,1,0,1,0
1.463850,-0.813220,-0.996241,1,0,0,0,0,1,0,0,0,1,0,0